<?xml version="1.0" encoding="UTF-8"?>
<metadata xml:lang="nl"><Esri><CreaDate>20220630</CreaDate><CreaTime>10580000</CreaTime><ArcGISFormat>1.0</ArcGISFormat><SyncOnce>TRUE</SyncOnce><DataProperties><lineage><Process ToolSource="c:\program files\arcgis\pro\Resources\ArcToolbox\toolboxes\Conversion Tools.tbx\FeatureToRaster" Date="20220630" Time="105800">FeatureToRaster percelen_point2 ID2 C:\Users\rro217\surfdrive\21-6-2022\Model\data\Percelen_p 20</Process></lineage><LayerFile>{"type":"CIMLayerDocument","version":"2.9.0","build":32739,"layers":["CIMPATH=map/percelen_p.xml"],"layerDefinitions":[{"type":"CIMRasterLayer","name":"Percelen_p","uRI":"CIMPATH=map/percelen_p.xml","sourceModifiedTime":{"type":"TimeInstant"},"useSourceMetadata":true,"description":"Percelen_p","layerElevation":{"type":"CIMLayerElevationSurface","mapElevationID":"{F9384A72-5B1F-43B3-AB4E-055367D832E5}"},"expanded":true,"layerType":"Operational","showLegends":true,"visibility":true,"displayCacheType":"Permanent","maxDisplayCacheAge":5,"showPopups":true,"serviceLayerID":-1,"refreshRate":-1,"refreshRateUnit":"esriTimeUnitsSeconds","blendingMode":"Alpha","allowDrapingOnIntegratedMesh":true,"dataConnection":{"type":"CIMStandardDataConnection","workspaceConnectionString":"DATABASE=..\\..\\..\\..\\surfdrive\\21-6-2022\\Model\\data","workspaceFactory":"Raster","dataset":"Percelen_p","datasetType":"esriDTRasterDataset"},"colorizer":{"type":"CIMRasterClassifyColorizer","resamplingType":"NearestNeighbor","normalizationType":"Nothing","classBreaks":[{"type":"CIMRasterClassBreak","upperBound":1461.11111111111109,"label":"1 - 1.461,111","color":{"type":"CIMRGBColor","values":[165,0,38,100]}},{"type":"CIMRasterClassBreak","upperBound":2921.22222222222217,"label":"1.461,112 - 2.921,222","color":{"type":"CIMRGBColor","values":[222.25,63.25,46,100]}},{"type":"CIMRasterClassBreak","upperBound":4381.333333333333,"label":"2.921,223 - 4.381,333","color":{"type":"CIMRGBColor","values":[248.5,141.5,82,100]}},{"type":"CIMRasterClassBreak","upperBound":5841.44444444444434,"label":"4.381,334 - 5.841,444","color":{"type":"CIMRGBColor","values":[253.75,211.5,128.5,100]}},{"type":"CIMRasterClassBreak","upperBound":7301.55555555555566,"label":"5.841,445 - 7.301,556","color":{"type":"CIMRGBColor","values":[255,255,191,100]}},{"type":"CIMRasterClassBreak","upperBound":8761.66666666666606,"label":"7.301,557 - 8.761,667","color":{"type":"CIMRGBColor","values":[204.25,233.5,130.75,100]}},{"type":"CIMRasterClassBreak","upperBound":10221.7777777777774,"label":"8.761,668 - 10.221,778","color":{"type":"CIMRGBColor","values":[134,203,102.5,100]}},{"type":"CIMRasterClassBreak","upperBound":11681.8888888888887,"label":"10.221,779 - 11.681,889","color":{"type":"CIMRGBColor","values":[45,161.25,84.75,100]}},{"type":"CIMRasterClassBreak","upperBound":13142,"label":"11.681,89 - 13.142","color":{"type":"CIMRGBColor","values":[0,104,55,100]}}],"classificationMethod":"EqualInterval","colorRamp":{"type":"CIMMultipartColorRamp","colorSpace":{"type":"CIMICCColorSpace","url":"Default RGB"},"colorRamps":[{"type":"CIMLinearContinuousColorRamp","colorSpace":{"type":"CIMICCColorSpace","url":"Default RGB"},"fromColor":{"type":"CIMRGBColor","colorSpace":{"type":"CIMICCColorSpace","url":"Default RGB"},"values":[165,0,38,100]},"toColor":{"type":"CIMRGBColor","colorSpace":{"type":"CIMICCColorSpace","url":"Default RGB"},"values":[215,48,39,100]}},{"type":"CIMLinearContinuousColorRamp","colorSpace":{"type":"CIMICCColorSpace","url":"Default RGB"},"fromColor":{"type":"CIMRGBColor","colorSpace":{"type":"CIMICCColorSpace","url":"Default RGB"},"values":[215,48,39,100]},"toColor":{"type":"CIMRGBColor","colorSpace":{"type":"CIMICCColorSpace","url":"Default RGB"},"values":[244,109,67,100]}},{"type":"CIMLinearContinuousColorRamp","colorSpace":{"type":"CIMICCColorSpace","url":"Default RGB"},"fromColor":{"type":"CIMRGBColor","colorSpace":{"type":"CIMICCColorSpace","url":"Default RGB"},"values":[244,109,67,100]},"toColor":{"type":"CIMRGBColor","colorSpace":{"type":"CIMICCColorSpace","url":"Default RGB"},"values":[253,174,97,100]}},{"type":"CIMLinearContinuousColorRamp","colorSpace":{"type":"CIMICCColorSpace","url":"Default RGB"},"fromColor":{"type":"CIMRGBColor","colorSpace":{"type":"CIMICCColorSpace","url":"Default RGB"},"values":[253,174,97,100]},"toColor":{"type":"CIMRGBColor","colorSpace":{"type":"CIMICCColorSpace","url":"Default RGB"},"values":[254,224,139,100]}},{"type":"CIMLinearContinuousColorRamp","colorSpace":{"type":"CIMICCColorSpace","url":"Default RGB"},"fromColor":{"type":"CIMRGBColor","colorSpace":{"type":"CIMICCColorSpace","url":"Default RGB"},"values":[254,224,139,100]},"toColor":{"type":"CIMRGBColor","colorSpace":{"type":"CIMICCColorSpace","url":"Default RGB"},"values":[255,255,191,100]}},{"type":"CIMLinearContinuousColorRamp","colorSpace":{"type":"CIMICCColorSpace","url":"Default RGB"},"fromColor":{"type":"CIMRGBColor","colorSpace":{"type":"CIMICCColorSpace","url":"Default RGB"},"values":[255,255,191,100]},"toColor":{"type":"CIMRGBColor","colorSpace":{"type":"CIMICCColorSpace","url":"Default RGB"},"values":[217,239,139,100]}},{"type":"CIMLinearContinuousColorRamp","colorSpace":{"type":"CIMICCColorSpace","url":"Default RGB"},"fromColor":{"type":"CIMRGBColor","colorSpace":{"type":"CIMICCColorSpace","url":"Default RGB"},"values":[217,239,139,100]},"toColor":{"type":"CIMRGBColor","colorSpace":{"type":"CIMICCColorSpace","url":"Default RGB"},"values":[166,217,106,100]}},{"type":"CIMLinearContinuousColorRamp","colorSpace":{"type":"CIMICCColorSpace","url":"Default RGB"},"fromColor":{"type":"CIMRGBColor","colorSpace":{"type":"CIMICCColorSpace","url":"Default RGB"},"values":[166,217,106,100]},"toColor":{"type":"CIMRGBColor","colorSpace":{"type":"CIMICCColorSpace","url":"Default RGB"},"values":[102,189,99,100]}},{"type":"CIMLinearContinuousColorRamp","colorSpace":{"type":"CIMICCColorSpace","url":"Default RGB"},"fromColor":{"type":"CIMRGBColor","colorSpace":{"type":"CIMICCColorSpace","url":"Default RGB"},"values":[102,189,99,100]},"toColor":{"type":"CIMRGBColor","colorSpace":{"type":"CIMICCColorSpace","url":"Default RGB"},"values":[26,152,80,100]}},{"type":"CIMLinearContinuousColorRamp","colorSpace":{"type":"CIMICCColorSpace","url":"Default RGB"},"fromColor":{"type":"CIMRGBColor","colorSpace":{"type":"CIMICCColorSpace","url":"Default RGB"},"values":[26,152,80,100]},"toColor":{"type":"CIMRGBColor","colorSpace":{"type":"CIMICCColorSpace","url":"Default RGB"},"values":[0,104,55,100]}}],"weights":[0.10000000000000001,0.10000000000000001,0.10000000000000001,0.10000000000000001,0.10000000000000001,0.10000000000000001,0.10000000000000001,0.10000000000000001,0.10000000000000001,0.10000000000000001]},"field":"VALUE","hillshadeZFactor":1,"minimumBreak":1,"showInAscendingOrder":true,"numberFormat":{"type":"CIMNumericFormat","alignmentOption":"esriAlignLeft","alignmentWidth":12,"roundingOption":"esriRoundNumberOfDecimals","roundingValue":3,"useSeparator":true}},"attributeTable":{"type":"CIMRasterTable","displayField":"VALUE","editable":true}}]}</LayerFile></DataProperties></Esri></metadata>
