<metadata xml:lang="nl"><Esri><CreaDate>20220426</CreaDate><CreaTime>14502500</CreaTime><ArcGISFormat>1.0</ArcGISFormat><SyncOnce>FALSE</SyncOnce><DataProperties><lineage><Process ToolSource="c:\program files\arcgis\pro\Resources\ArcToolbox\toolboxes\Data Management Tools.tbx\CalculateField" Date="20220426" Time="145025">CalculateField BBR_21_selectie_VU_Gebruikscode_Rechtsv pachtWN Reclass(!OMSCHRIJVING_1!) "Python 3" "def Reclass(om):
    if om == 'Eigendom':
        return 1
    elif om == 'In gebruik van een terreinbeherende organisatie':
        return 4
    elif om == 'erfpacht':
        return 3
    else:
        return 2
" Text NO_ENFORCE_DOMAINS</Process><Process ToolSource="c:\program files\arcgis\pro\Resources\ArcToolbox\toolboxes\Data Management Tools.tbx\CalculateField" Date="20220426" Time="145216">CalculateField BBR_21_selectie_VU_Gebruikscode_Rechtsv pachtWN Reclass(!OMSCHRIJVING_1!) "Python 3" "def Reclass(om):
    if om == 'Eigendom':
        return 1
    elif om == 'In gebruik van een terreinbeherende organisatie':
        return 4
    elif om == 'Erfpacht':
        return 3
    else:
        return 2
" Text NO_ENFORCE_DOMAINS</Process><Process ToolSource="c:\program files\arcgis\pro\Resources\ArcToolbox\toolboxes\Analysis Tools.tbx\SpatialJoin" Date="20220512" Time="144125">SpatialJoin "datasets \BBR_21_selectie_VU_Gebruikscode_Rechtsv [RVO gebruikstitel]" "datasets \maatregelen kruidenrijk grasland\met S2REP\Grasland_MaatregelenJa [maatregelen volgens S2REP threshold]" C:\Users\rro217\Documents\ArcGIS\Projects\MyProject\MyProject.gdb\BBR_maatregelen "Join one to one" KEEP_ALL "BEGINGELDIGHEID "BEGINGELDIGHEID" true true false 8 Date 0 0,First,#,datasets \BBR_21_selectie_VU_Gebruikscode_Rechtsv [RVO gebruikstitel],BEGINGELDIGHEID,-1,-1;EINDGELDIGHEID "EINDGELDIGHEID" true true false 8 Date 0 0,First,#,datasets \BBR_21_selectie_VU_Gebruikscode_Rechtsv [RVO gebruikstitel],EINDGELDIGHEID,-1,-1;IND_GEANNULEERD "IND_GEANNULEERD" true true false 1 Text 0 0,First,#,datasets \BBR_21_selectie_VU_Gebruikscode_Rechtsv [RVO gebruikstitel],IND_GEANNULEERD,0,1;OPPERVLAKTE "OPPERVLAKTE" true true false 8 Double 0 0,First,#,datasets \BBR_21_selectie_VU_Gebruikscode_Rechtsv [RVO gebruikstitel],OPPERVLAKTE,-1,-1;GRONDBEDEKKING "GRONDBEDEKKING" true true false 10 Text 0 0,First,#,datasets \BBR_21_selectie_VU_Gebruikscode_Rechtsv [RVO gebruikstitel],GRONDBEDEKKING,0,10;VOLGNUMMER "VOLGNUMMER" true true false 4 Long 0 0,First,#,datasets \BBR_21_selectie_VU_Gebruikscode_Rechtsv [RVO gebruikstitel],VOLGNUMMER,-1,-1;GEBRUIKSTITEL "GEBRUIKSTITEL" true true false 10 Text 0 0,First,#,datasets \BBR_21_selectie_VU_Gebruikscode_Rechtsv [RVO gebruikstitel],GEBRUIKSTITEL,0,10;Fictief_ID "Fictief_ID" true true false 8 Double 0 0,First,#,datasets \BBR_21_selectie_VU_Gebruikscode_Rechtsv [RVO gebruikstitel],Fictief_ID,-1,-1;OMSCHRIJVING "OMSCHRIJVING" true true false 256 Text 0 0,First,#,datasets \BBR_21_selectie_VU_Gebruikscode_Rechtsv [RVO gebruikstitel],OMSCHRIJVING,0,256;OMSCHRIJVING_1 "OMSCHRIJVING_1" true true false 256 Text 0 0,First,#,datasets \BBR_21_selectie_VU_Gebruikscode_Rechtsv [RVO gebruikstitel],OMSCHRIJVING_1,0,256;RECHTSVORM "RECHTSVORM" true true false 255 Text 0 0,First,#,datasets \BBR_21_selectie_VU_Gebruikscode_Rechtsv [RVO gebruikstitel],RECHTSVORM,0,255;RECHTSVORM_OMSCHR "RECHTSVORM_OMSCHR" true true false 255 Text 0 0,First,#,datasets \BBR_21_selectie_VU_Gebruikscode_Rechtsv [RVO gebruikstitel],RECHTSVORM_OMSCHR,0,255;SHAPE_Length "SHAPE_Length" false true true 8 Double 0 0,First,#,datasets \BBR_21_selectie_VU_Gebruikscode_Rechtsv [RVO gebruikstitel],SHAPE_Length,-1,-1,datasets \maatregelen kruidenrijk grasland\met S2REP\Grasland_MaatregelenJa [maatregelen volgens S2REP threshold],Shape_Length,-1,-1;SHAPE_Area "SHAPE_Area" false true true 8 Double 0 0,First,#,datasets \BBR_21_selectie_VU_Gebruikscode_Rechtsv [RVO gebruikstitel],SHAPE_Area,-1,-1,datasets \maatregelen kruidenrijk grasland\met S2REP\Grasland_MaatregelenJa [maatregelen volgens S2REP threshold],Shape_Area,-1,-1;pachtWN "pachtWN" true true false 512 Text 0 0,First,#,datasets \BBR_21_selectie_VU_Gebruikscode_Rechtsv [RVO gebruikstitel],pachtWN,0,512;Join_Count "Join_Count" true true false 4 Long 0 0,First,#,datasets \maatregelen kruidenrijk grasland\met S2REP\Grasland_MaatregelenJa [maatregelen volgens S2REP threshold],Join_Count,-1,-1;TARGET_FID "TARGET_FID" true true false 4 Long 0 0,First,#,datasets \maatregelen kruidenrijk grasland\met S2REP\Grasland_MaatregelenJa [maatregelen volgens S2REP threshold],TARGET_FID,-1,-1;category "category" true true false 100 Text 0 0,First,#,datasets \maatregelen kruidenrijk grasland\met S2REP\Grasland_MaatregelenJa [maatregelen volgens S2REP threshold],category,0,100;gewas "gewas" true true false 100 Text 0 0,First,#,datasets \maatregelen kruidenrijk grasland\met S2REP\Grasland_MaatregelenJa [maatregelen volgens S2REP threshold],gewas,0,100;gewascode "gewascode" true true false 2 Short 0 0,First,#,datasets \maatregelen kruidenrijk grasland\met S2REP\Grasland_MaatregelenJa [maatregelen volgens S2REP threshold],gewascode,-1,-1;jaar "jaar" true true false 2 Short 0 0,First,#,datasets \maatregelen kruidenrijk grasland\met S2REP\Grasland_MaatregelenJa [maatregelen volgens S2REP threshold],jaar,-1,-1;status "status" true true false 20 Text 0 0,First,#,datasets \maatregelen kruidenrijk grasland\met S2REP\Grasland_MaatregelenJa [maatregelen volgens S2REP threshold],status,0,20;areaM "areaM" true true false 4 Long 0 0,First,#,datasets \maatregelen kruidenrijk grasland\met S2REP\Grasland_MaatregelenJa [maatregelen volgens S2REP threshold],areaM,-1,-1;Id "Id" true true false 4 Long 0 0,First,#,datasets \maatregelen kruidenrijk grasland\met S2REP\Grasland_MaatregelenJa [maatregelen volgens S2REP threshold],Id,-1,-1;gridcode "gridcode" true true false 4 Long 0 0,First,#,datasets \maatregelen kruidenrijk grasland\met S2REP\Grasland_MaatregelenJa [maatregelen volgens S2REP threshold],gridcode,-1,-1;Measurements "Measurements" true true false 4 Long 0 0,First,#,datasets \maatregelen kruidenrijk grasland\met S2REP\Grasland_MaatregelenJa [maatregelen volgens S2REP threshold],Measurements,-1,-1" "Largest overlap" # #</Process><Process ToolSource="c:\program files\arcgis\pro\Resources\ArcToolbox\toolboxes\Data Management Tools.tbx\UpdateSchema" Date="20220614" Time="141701">UpdateSchema "CIMDATA=&lt;CIMStandardDataConnection xsi:type='typens:CIMStandardDataConnection' xmlns:xsi='http://www.w3.org/2001/XMLSchema-instance' xmlns:xs='http://www.w3.org/2001/XMLSchema' xmlns:typens='http://www.esri.com/schemas/ArcGIS/2.9.0'&gt;&lt;WorkspaceConnectionString&gt;DATABASE=C:\Users\rro217\Documents\ArcGIS\Projects\MyProject\MyProject.gdb&lt;/WorkspaceConnectionString&gt;&lt;WorkspaceFactory&gt;FileGDB&lt;/WorkspaceFactory&gt;&lt;Dataset&gt;BBR_maatregelen&lt;/Dataset&gt;&lt;DatasetType&gt;esriDTFeatureClass&lt;/DatasetType&gt;&lt;/CIMStandardDataConnection&gt;" &lt;operationSequence&gt;&lt;workflow&gt;&lt;AddField&gt;&lt;field_name&gt;ID2&lt;/field_name&gt;&lt;field_type&gt;LONG&lt;/field_type&gt;&lt;field_alias&gt;ID2&lt;/field_alias&gt;&lt;field_is_nullable&gt;True&lt;/field_is_nullable&gt;&lt;field_is_required&gt;False&lt;/field_is_required&gt;&lt;/AddField&gt;&lt;/workflow&gt;&lt;/operationSequence&gt;</Process><Process ToolSource="c:\program files\arcgis\pro\Resources\ArcToolbox\toolboxes\Data Management Tools.tbx\CalculateField" Date="20220614" Time="141739">CalculateField "datasets \BBR_maatregelen" ID2 !OBJECTID! "Python 3" # Text NO_ENFORCE_DOMAINS</Process><Process ToolSource="c:\program files\arcgis\pro\Resources\ArcToolbox\toolboxes\Conversion Tools.tbx\FeatureClassToFeatureClass" Date="20220614" Time="141849">FeatureClassToFeatureClass "datasets \BBR_maatregelen" C:\Users\rro217\surfdrive\14-3-2022\Data\Percelen_ID percelen.shp # "ID2 "ID2" true true false 4 Long 0 0,First,#,datasets \BBR_maatregelen,ID2,-1,-1" #</Process><Process ToolSource="c:\program files\arcgis\pro\Resources\ArcToolbox\toolboxes\Data Management Tools.tbx\FeatureToPoint" Date="20220629" Time="132019">FeatureToPoint percelen C:\Users\rro217\surfdrive\21-6-2022\Model\data\percelen_point.shp CENTROID</Process></lineage><itemProps><itemName Sync="TRUE">percelen_point</itemName><imsContentType Sync="TRUE">002</imsContentType><itemLocation><linkage Sync="TRUE">file://\\LT-060116\C$\Users\rro217\surfdrive\21-6-2022\Model\data\percelen_point.shp</linkage><protocol Sync="TRUE">Local Area Network</protocol></itemLocation><itemSize Sync="TRUE">0.000</itemSize></itemProps><coordRef><type Sync="TRUE">Projected</type><geogcsn Sync="TRUE">GCS_Amersfoort</geogcsn><csUnits Sync="TRUE">Linear Unit: Meter (1.000000)</csUnits><projcsn Sync="TRUE">RD_New</projcsn><peXml Sync="TRUE">&lt;ProjectedCoordinateSystem xsi:type='typens:ProjectedCoordinateSystem' xmlns:xsi='http://www.w3.org/2001/XMLSchema-instance' xmlns:xs='http://www.w3.org/2001/XMLSchema' xmlns:typens='http://www.esri.com/schemas/ArcGIS/2.9.0'&gt;&lt;WKT&gt;PROJCS[&amp;quot;RD_New&amp;quot;,GEOGCS[&amp;quot;GCS_Amersfoort&amp;quot;,DATUM[&amp;quot;D_Amersfoort&amp;quot;,SPHEROID[&amp;quot;Bessel_1841&amp;quot;,6377397.155,299.1528128]],PRIMEM[&amp;quot;Greenwich&amp;quot;,0.0],UNIT[&amp;quot;Degree&amp;quot;,0.0174532925199433]],PROJECTION[&amp;quot;Double_Stereographic&amp;quot;],PARAMETER[&amp;quot;False_Easting&amp;quot;,155000.0],PARAMETER[&amp;quot;False_Northing&amp;quot;,463000.0],PARAMETER[&amp;quot;Central_Meridian&amp;quot;,5.38763888888889],PARAMETER[&amp;quot;Scale_Factor&amp;quot;,0.9999079],PARAMETER[&amp;quot;Latitude_Of_Origin&amp;quot;,52.15616055555555],UNIT[&amp;quot;Meter&amp;quot;,1.0],AUTHORITY[&amp;quot;EPSG&amp;quot;,28992]]&lt;/WKT&gt;&lt;XOrigin&gt;-30515500&lt;/XOrigin&gt;&lt;YOrigin&gt;-30279500&lt;/YOrigin&gt;&lt;XYScale&gt;146716411.36275291&lt;/XYScale&gt;&lt;ZOrigin&gt;-100000&lt;/ZOrigin&gt;&lt;ZScale&gt;10000&lt;/ZScale&gt;&lt;MOrigin&gt;-100000&lt;/MOrigin&gt;&lt;MScale&gt;10000&lt;/MScale&gt;&lt;XYTolerance&gt;0.001&lt;/XYTolerance&gt;&lt;ZTolerance&gt;0.001&lt;/ZTolerance&gt;&lt;MTolerance&gt;0.001&lt;/MTolerance&gt;&lt;HighPrecision&gt;true&lt;/HighPrecision&gt;&lt;WKID&gt;28992&lt;/WKID&gt;&lt;LatestWKID&gt;28992&lt;/LatestWKID&gt;&lt;/ProjectedCoordinateSystem&gt;</peXml></coordRef></DataProperties><SyncDate>20220629</SyncDate><SyncTime>13201800</SyncTime><ModDate>20220629</ModDate><ModTime>13201800</ModTime></Esri><dataIdInfo><envirDesc Sync="TRUE">Microsoft Windows 10 Version 10.0 (Build 19044) ; Esri ArcGIS 12.9.3.32739</envirDesc><dataLang><languageCode value="nld" Sync="TRUE"></languageCode><countryCode value="NLD" Sync="TRUE"></countryCode></dataLang><idCitation><resTitle Sync="TRUE">percelen_point</resTitle><presForm><PresFormCd value="005" Sync="TRUE"></PresFormCd></presForm></idCitation><spatRpType><SpatRepTypCd value="001" Sync="TRUE"></SpatRepTypCd></spatRpType></dataIdInfo><mdLang><languageCode value="nld" Sync="TRUE"></languageCode><countryCode value="NLD" Sync="TRUE"></countryCode></mdLang><distInfo><distFormat><formatName Sync="TRUE">Shapefile</formatName></distFormat><distTranOps><transSize Sync="TRUE">0.000</transSize></distTranOps></distInfo><mdHrLv><ScopeCd value="005" Sync="TRUE"></ScopeCd></mdHrLv><mdHrLvName Sync="TRUE">dataset</mdHrLvName><refSysInfo><RefSystem><refSysID><identCode code="28992" Sync="TRUE"></identCode><idCodeSpace Sync="TRUE">EPSG</idCodeSpace><idVersion Sync="TRUE">4.5(8.0.1)</idVersion></refSysID></RefSystem></refSysInfo><spatRepInfo><VectSpatRep><geometObjs Name="percelen_point"><geoObjTyp><GeoObjTypCd value="004" Sync="TRUE"></GeoObjTypCd></geoObjTyp><geoObjCnt Sync="TRUE">0</geoObjCnt></geometObjs><topLvl><TopoLevCd value="001" Sync="TRUE"></TopoLevCd></topLvl></VectSpatRep></spatRepInfo><spdoinfo><ptvctinf><esriterm Name="percelen_point"><efeatyp Sync="TRUE">Simple</efeatyp><efeageom code="1" Sync="TRUE"></efeageom><esritopo Sync="TRUE">FALSE</esritopo><efeacnt Sync="TRUE">0</efeacnt><spindex Sync="TRUE">FALSE</spindex><linrefer Sync="TRUE">TRUE</linrefer></esriterm></ptvctinf></spdoinfo><eainfo><detailed Name="percelen_point"><enttyp><enttypl Sync="TRUE">percelen_point</enttypl><enttypt Sync="TRUE">Feature Class</enttypt><enttypc Sync="TRUE">0</enttypc></enttyp><attr><attrlabl Sync="TRUE">FID</attrlabl><attalias Sync="TRUE">FID</attalias><attrtype Sync="TRUE">OID</attrtype><attwidth Sync="TRUE">4</attwidth><atprecis Sync="TRUE">0</atprecis><attscale Sync="TRUE">0</attscale><attrdef Sync="TRUE">Internal feature number.</attrdef><attrdefs Sync="TRUE">Esri</attrdefs><attrdomv><udom Sync="TRUE">Sequential unique whole numbers that are automatically generated.</udom></attrdomv></attr><attr><attrlabl Sync="TRUE">SHAPE</attrlabl><attalias Sync="TRUE">Shape</attalias><attrtype Sync="TRUE">Geometry</attrtype><attwidth Sync="TRUE">0</attwidth><atprecis Sync="TRUE">0</atprecis><attscale Sync="TRUE">0</attscale><attrdef Sync="TRUE">Feature geometry.</attrdef><attrdefs Sync="TRUE">Esri</attrdefs><attrdomv><udom Sync="TRUE">Coordinates defining the features.</udom></attrdomv></attr><attr><attrlabl Sync="TRUE">ID2</attrlabl><attalias Sync="TRUE">ID2</attalias><attrtype Sync="TRUE">Integer</attrtype><attwidth Sync="TRUE">10</attwidth><atprecis Sync="TRUE">10</atprecis><attscale Sync="TRUE">0</attscale></attr><attr><attrlabl Sync="TRUE">ORIG_FID</attrlabl><attalias Sync="TRUE">ORIG_FID</attalias><attrtype Sync="TRUE">Integer</attrtype><attwidth Sync="TRUE">10</attwidth><atprecis Sync="TRUE">10</atprecis><attscale Sync="TRUE">0</attscale></attr></detailed></eainfo><mdDateSt Sync="TRUE">20220629</mdDateSt></metadata>
