<PAMDataset>
  <SRS dataAxisToSRSAxisMapping="2,1,3">PROJCS["RD_New",GEOGCS["GCS_Amersfoort",DATUM["Amersfoort",SPHEROID["Bessel_1841",6377397.155,299.1528128,AUTHORITY["EPSG","7004"]],AUTHORITY["EPSG","6289"]],PRIMEM["Greenwich",0.0,AUTHORITY["EPSG","8901"]],UNIT["Degree",0.0174532925199433,AUTHORITY["EPSG","9102"]],AUTHORITY["EPSG","4289"]],PROJECTION["Oblique_Stereographic",AUTHORITY["Esri","43038"]],PARAMETER["False_Easting",155000.0,AUTHORITY["Esri","100001"]],PARAMETER["False_Northing",463000.0,AUTHORITY["Esri","100002"]],PARAMETER["Central_Meridian",5.38763888888889,AUTHORITY["Esri","100010"]],PARAMETER["Scale_Factor",0.9999079,AUTHORITY["Esri","100003"]],PARAMETER["Latitude_Of_Origin",52.15616055555555,AUTHORITY["Esri","100021"]],UNIT["Meter",1.0,AUTHORITY["EPSG","9001"]],AUTHORITY["EPSG","28992"]]</SRS>
  <Metadata domain="Esri">
    <MDI key="PyramidResamplingType">NEAREST</MDI>
  </Metadata>
  <Metadata>
    <MDI key="gp-lyrx">Yes</MDI>
  </Metadata>
  <PAMRasterBand band="1">
    <Description>Percelen_p</Description>
    <NoDataValue>-2.14748364800000E+09</NoDataValue>
    <Metadata>
      <MDI key="STATISTICS_MEDIAN">nan</MDI>
      <MDI key="STATISTICS_SKIPFACTORX">1</MDI>
      <MDI key="STATISTICS_SKIPFACTORY">1</MDI>
    </Metadata>
  </PAMRasterBand>
</PAMDataset>
